skin,replicate,hr,co_lmin,channel,n_beats,TMCC,AC/DC,SNR,Skewness,PSD ratio,Shannon Entropy,Kurtosis,Spec. Flatness,Sample Entropy
P,1,60,5,Reflectance RED,312,0.9999322147821426,1.6590156360923487,39.856135144441836,0.8543659119641233,0.25600885594367345,4.4563447296464815,2.966418709815382,0.009263033364848534,0.09108603957916676
P,1,60,5,Reflectance IR,312,0.999919645662257,1.564616039613079,31.679524126416986,0.8902324127268967,0.2556895403313679,4.324848001090824,3.0246542091438746,0.009038282144909284,0.0898320028340193
P,1,60,5,Reflectance GREEN,312,0.9998749180963402,3.3285833770810402,30.854736944166245,0.8664054858511863,0.2558722216290735,4.390918501320369,2.9833215074049733,0.009195667870597063,0.09087457597681117
P,1,60,5,Transmittance RED,312,0.999704496198971,19.05744319840172,20.57973071636217,0.7609928557439298,0.2551590128413407,4.405245320470842,2.811939083161017,0.009995102376506339,0.09462546968268637
P,1,60,5,Transmittance IR,312,0.9999333991285532,17.813438115763915,45.393789862267354,0.7990349353982106,0.2547247661100974,4.451046141047919,2.8713150055659424,0.009631209408700447,0.0924516765349423
P,1,60,6,Reflectance RED,311,0.9999490143229441,2.2374391904264472,43.29993341107298,0.6123646529347486,0.2985345735562644,4.719960743993897,2.4284627265712198,0.009887561521854384,0.10606848028916634
P,1,60,6,Reflectance IR,311,0.9999445785404579,2.128712294304742,36.25891342667333,0.6414140185653134,0.2990278625937749,4.71797528074786,2.4646752674320638,0.0096875208055079,0.1051733198504657
P,1,60,6,Reflectance GREEN,311,0.9999321100152576,4.672581339080067,34.047234935277174,0.6172558219967852,0.29839078215588966,4.71982870859635,2.434712826554658,0.009874757856145715,0.10612908135998741
P,1,60,6,Transmittance RED,311,0.9997879243837875,22.542323942350603,19.572582343413657,0.4984745675400807,0.29631773474747763,4.7505197010399876,2.3056068694708802,0.010894949331039743,0.11034805716886534
P,1,60,6,Transmittance IR,311,0.9999577106170617,23.163112497944304,47.14570097820878,0.5354132911705519,0.29684250599074824,4.759104880932501,2.344555991306004,0.01053954430991046,0.10811434013891688
P,1,60,7,Reflectance RED,310,0.9999656870322385,2.6713281193058633,45.79436470719993,0.32927983033114794,0.32426876248689573,4.882449107645851,1.8911547558821011,0.011167368398206617,0.10650719153801745
P,1,60,7,Reflectance IR,310,0.9999629412951945,2.6154988642864114,41.45162943694494,0.34360208505083734,0.3245350500845563,4.880154318333473,1.8993919008652664,0.011036944598462235,0.10608564129171254
P,1,60,7,Reflectance GREEN,310,0.9999547978402283,5.831544958004484,35.83553425073636,0.3327912700079585,0.3245987201693516,4.881632309877075,1.8935542346695664,0.011134606711168837,0.10645709288057985
P,1,60,7,Transmittance RED,310,0.9996423384420066,23.187197245432664,17.593715677151486,0.22079920778637455,0.3193093288238401,4.8893473615481025,1.8528985438677745,0.012572108139947049,0.11174298912753308
P,1,60,7,Transmittance IR,310,0.999964406393584,27.016489741073336,46.59882931331907,0.25002293520794255,0.32005540278870614,4.894155855554882,1.8623796846070877,0.012100247913445505,0.10780433560648725
P,1,90,5,Reflectance RED,467,0.9998554151348661,1.004909862211182,33.50602507196895,0.9795111768783643,0.27216450219499977,4.3775085008070915,3.1256955068069256,0.013968824636828935,0.16425053166205283
P,1,90,5,Reflectance IR,467,0.9998406877155533,0.9147226320426408,25.270636896938154,1.00433463080867,0.26884894200554826,4.367619873922175,3.1572907746078807,0.013641562618866078,0.166108968816132
P,1,90,5,Reflectance GREEN,467,0.9997396332740004,1.9331505494820342,26.585882670083034,0.9957474368071949,0.26931443387306986,4.370449543805032,3.1435186582273626,0.013782248991236846,0.1668516350218229
P,1,90,5,Transmittance RED,467,0.9996966177613259,12.596393252005017,18.36988250932709,0.9220011839822169,0.27131466442311514,4.32737832630472,3.050593614462406,0.014713761129986043,0.16989903679539747
P,1,90,5,Transmittance IR,467,0.999863746900966,11.080356603101144,37.7626236087624,0.9453257332075902,0.27064124398483436,4.331221040409609,3.0813449450693398,0.01435758602493103,0.16883820645666758
P,1,90,6,Reflectance RED,466,0.9998765068544977,1.3892482114804716,37.29405437708988,0.9177730385151325,0.3663682996089308,4.3805782462070235,2.839958993160267,0.014184176559111574,0.11256424535246244
P,1,90,6,Reflectance IR,466,0.9998590053569747,1.272623275774921,29.37259675756185,0.937939788713902,0.3650076907138116,4.285701196582949,2.86421270961745,0.013934500030623229,0.11153230125241576
P,1,90,6,Reflectance GREEN,466,0.9998366396642994,2.7532670702172335,29.953505072586772,0.9243377541906284,0.36517560153803585,4.354278597718891,2.846777413746272,0.014167878309229845,0.11203734560609094
P,1,90,6,Transmittance RED,466,0.999722036378683,16.031408729836976,19.034047508918512,0.8591049735552814,0.3649717133599598,4.3533611102812095,2.7706807420845387,0.015150619520093701,0.11489178586237554
P,1,90,6,Transmittance IR,466,0.9998692769738671,14.97999957454325,40.61637334920466,0.8841963622262676,0.3645006503295386,4.381094868871163,2.7986132890116764,0.01472932259772153,0.11275038049855823
P,1,90,7,Reflectance RED,467,0.9998934923541568,1.5961623406766487,39.096387258654566,0.758093541000034,0.46542936913450644,4.680589052309465,2.4094445558231454,0.013480129395022087,0.1493825403621412
P,1,90,7,Reflectance IR,467,0.9998967012800675,1.486080322254086,32.217838815528,0.7755144525129029,0.46371646912690206,4.673856646450764,2.4324291946888588,0.013291052914948361,0.14784151063399362
P,1,90,7,Reflectance GREEN,467,0.9998805715753675,3.2916608991992855,31.545272129833187,0.7618105838323158,0.4650165778157872,4.678520204644477,2.413177632280581,0.013454073012248815,0.14916934947705415
P,1,90,7,Transmittance RED,467,0.9995148252989623,16.989358511110765,18.289757375347662,0.6977596585068747,0.4676629861979243,4.700501238823566,2.3367355066703794,0.014489846778301252,0.15431172338988997
P,1,90,7,Transmittance IR,467,0.9999069338135614,16.892625301430385,40.59534199787193,0.7199044004772008,0.46656652154183803,4.694769160741481,2.3636737718598857,0.014073643377043792,0.15261008485300775
P,1,120,5,Reflectance RED,626,0.9997566379353128,0.6357313468402175,28.16970329419228,1.1720545082804719,0.28554640626462835,3.992540177684702,2.882634018938387,0.010927493719318788,0.139347201932382
P,1,120,5,Reflectance IR,626,0.9997346845211659,0.566511168682897,21.538908770140434,1.1790206470886246,0.28390508651067625,3.995619667977028,2.896505094083137,0.01077059251942089,0.14384205859324342
P,1,120,5,Reflectance GREEN,626,0.999638379617549,1.2239391281083263,23.25931086179001,1.1768475623946932,0.28334936473805306,3.9784261705755286,2.8913103756770306,0.010858653435197811,0.14424212153700514
P,1,120,5,Transmittance RED,626,0.9995361310452033,8.141478606464355,16.958413387959947,1.1613942598514115,0.2845049182574422,3.9756324703439603,2.863070152232757,0.011221447132359431,0.14450068466076516
P,1,120,5,Transmittance IR,626,0.9997729118810079,6.9295346793136545,30.281844614089056,1.1676904022790078,0.28438123024005857,3.991470069661973,2.874790196775466,0.010991252404259882,0.14367833772350502
P,1,120,6,Reflectance RED,626,0.9998051170861955,0.7628161364479895,30.947980548553687,1.0763597923887382,0.32828672553558047,3.9531167328359036,2.581517221445841,0.008610016072759756,0.09756624393100748
P,1,120,6,Reflectance IR,626,0.999795483707894,0.6720022234201994,24.05586496742228,1.0813732490846646,0.3273008732622359,3.9446047723336717,2.5909891029445156,0.008469241269836666,0.09792707272929901
P,1,120,6,Reflectance GREEN,626,0.9997451688620271,1.4902825338878198,25.771702051550335,1.0792904150851228,0.3272703558570715,3.9399455406418245,2.5878875012998,0.008541058482354077,0.09918741120350123
P,1,120,6,Transmittance RED,626,0.9995060634169106,9.237251346193087,17.396080526026562,1.06158242419672,0.3282885293255797,3.94699518457006,2.551106537937803,0.008846333927314258,0.10491336622532277
P,1,120,6,Transmittance IR,626,0.9998328098190072,8.205632080941523,32.649205027142884,1.0702260795979524,0.3279066228451727,3.9479045514041333,2.56714760585911,0.008608222741729149,0.10246065333441821
P,1,120,7,Reflectance RED,626,0.9998377907468562,0.8817639526831218,33.24913812573432,0.9395650550247368,0.36149741121826545,3.9905063181697598,2.3051303461197294,0.009184827581909784,0.10531646085362138
P,1,120,7,Reflectance IR,626,0.9998307729935034,0.7975293260109457,26.311083107215012,0.9452665466582137,0.3608650867370345,3.979118780536872,2.315347857198945,0.009080653422860581,0.1041208094864798
P,1,120,7,Reflectance GREEN,626,0.9997907691404058,1.7095407665794113,27.526203650527954,0.9447186256499185,0.3605694069542162,3.9763172342338873,2.3126868521176887,0.0091060933561695,0.10439929575625612
P,1,120,7,Transmittance RED,626,0.9993409717440221,10.376330016365635,17.498007595428184,0.9200148331433411,0.3626067799458549,4.060943132656472,2.2670534901165245,0.009567376987292209,0.10852419187987856
P,1,120,7,Transmittance IR,626,0.999857453727729,9.609620237245451,34.657969204668476,0.9316249868122588,0.3618881041211515,3.9768272473158186,2.2863325108041255,0.009205922625950345,0.10616664226335092
P,2,60,5,Reflectance RED,310,0.9998970857993483,1.6327430956335713,38.683266307836284,0.881433624401481,0.25340028052849484,4.430139473886388,3.017745365546625,0.00916551676661126,0.09020844175123083
P,2,60,5,Reflectance IR,310,0.9997979342128164,1.4581853000121274,29.070867947831086,0.9081997241097114,0.2530352418830514,4.374376820653439,3.062440417006997,0.008987629833711794,0.0894697498420507
P,2,60,5,Reflectance GREEN,310,0.9997042535281213,3.1302199178512042,30.042483654785386,0.8955942442691491,0.25274718181663136,4.4028539207916575,3.0430534613057816,0.00914438404800567,0.08969007318483752
P,2,60,5,Transmittance RED,310,0.9993451678598655,18.904369596781983,19.855271111255806,0.7928292372561274,0.25306437254392805,4.440358773596463,2.8680510105233505,0.009982045733655309,0.09456286074293223
P,2,60,5,Transmittance IR,310,0.999926915338558,17.396569502057492,44.97855316531698,0.829189523149833,0.25286161151440867,4.460939664805517,2.926142867958392,0.009512913471805575,0.09167267416593664
P,2,60,6,Reflectance RED,312,0.9999479075432143,2.1815462444009364,42.97688136056684,0.6398029980504125,0.2971129776272945,4.712457128618718,2.483696496016137,0.009728636987388229,0.10545396923483003
P,2,60,6,Reflectance IR,312,0.9999453336497419,2.01655715631876,35.188381481632426,0.6673124724436807,0.2973968886073699,4.704363411727588,2.5195189179262862,0.00954144960123565,0.10448090633280858
P,2,60,6,Reflectance GREEN,312,0.9999281119730612,4.486443352342578,34.12751979858778,0.6456933976524577,0.2973307989677363,4.713015497121844,2.489880866834082,0.009714271396592195,0.10540702620410106
P,2,60,6,Transmittance RED,312,0.9997698848033041,22.36901802201607,19.98306464307101,0.5291555495799498,0.2951535016270972,4.742278949745495,2.3531612213076594,0.010653726627866797,0.10959689975774127
P,2,60,6,Transmittance IR,312,0.9999528622092937,22.617836414041648,47.063492412765456,0.5636346898358191,0.2955499730677836,4.723684386063335,2.3934338455228135,0.01032727060616337,0.10762083835532685
P,2,60,7,Reflectance RED,311,0.9999656618965086,2.70494935580566,46.04932089330147,0.3173742682648752,0.3257269909451577,4.881069220216098,1.8763764813254102,0.011233329074205977,0.10566863459417244
P,2,60,7,Reflectance IR,311,0.9999565743654653,2.6329025996902624,41.64890594951157,0.33090101838881175,0.32650125281107406,4.8803115773759185,1.8848639973368753,0.0111142159903418,0.10530933727556382
P,2,60,7,Reflectance GREEN,311,0.9999544772657706,5.897906259340928,36.418022594212474,0.3190320298314532,0.32619289914976435,4.880619875296077,1.8768232106369092,0.011219969740909426,0.10566863459417244
P,2,60,7,Transmittance RED,311,0.9993649331336141,23.224243363287513,17.596077180249146,0.21342909135718688,0.32153240105123954,4.885229192632078,1.8417323071183511,0.012705907624204793,0.11057195130647643
P,2,60,7,Transmittance IR,311,0.9999679429307492,27.158090937741015,46.66967183851288,0.2399705323145252,0.32130234221326537,4.893664109593302,1.8489896899402765,0.012103216143495008,0.10672155863608183
P,2,90,5,Reflectance RED,466,0.9998279943529897,0.9914661108525769,33.12563794333181,1.0051145494822924,0.2658327876930321,4.365582083432454,3.1528756495449803,0.013580588095523625,0.1706169545805324
P,2,90,5,Reflectance IR,466,0.9997976314440975,0.8425530314217501,23.97850785007394,1.0228923398310448,0.2644275724249281,4.349534999080547,3.1748620528689586,0.0133566624461085,0.17163778884915598
P,2,90,5,Reflectance GREEN,466,0.999758515069387,1.8800497129022986,27.31372784140906,1.018181204725519,0.26383473630375714,4.359536053728596,3.1700612759670532,0.013442697279961108,0.17201546866120418
P,2,90,5,Transmittance RED,466,0.9995363470375194,12.292716268039786,18.818337919674594,0.9503115806818976,0.26448581042281094,4.349338135138325,3.079013760012919,0.014324369660786311,0.17671984921359093
P,2,90,5,Transmittance IR,466,0.9998411555005338,10.671747555867586,37.510896931352534,0.9739892831282646,0.263763500664589,4.368690332603499,3.1096163394304166,0.013924433128454088,0.1754486775061926
P,2,90,6,Reflectance RED,466,0.9998695507135125,1.3868571173518829,37.205153104058546,0.9220919564127308,0.3505069385596025,4.334793868223138,2.8817934738791866,0.014595385101874329,0.10871174316586987
P,2,90,6,Reflectance IR,466,0.9998456586951933,1.2158686503650644,28.447112571087906,0.9415332331464905,0.3489518940026551,4.307323405980197,2.9059278178816,0.014370013381169245,0.10758106420931933
P,2,90,6,Reflectance GREEN,466,0.9998468201604995,2.7694646984326665,30.686312923526266,0.9354608426988082,0.34937600649218303,4.310511729301693,2.894211224548189,0.014438241907155222,0.10792844572218514
P,2,90,6,Transmittance RED,466,0.9995747523101806,15.785672768682357,19.257703184014556,0.8619124436943901,0.34943061203016546,4.297538226157876,2.811392927294551,0.015601869698957875,0.11113120599067353
P,2,90,6,Transmittance IR,466,0.9998661494245566,14.590532608462123,40.308050442840795,0.8877457806679736,0.34844338907403327,4.310011246257943,2.8407693509474323,0.015140563424421605,0.10997887591517444
P,2,90,7,Reflectance RED,465,0.9999110608805061,1.6012039452571316,39.24591247182931,0.7444853000544416,0.46894075500432136,4.691803230287273,2.3863688885175636,0.013551224839496364,0.150282203049338
P,2,90,7,Reflectance IR,465,0.999898933175412,1.4807964041999344,32.00312661188661,0.7614347046906238,0.4674377471259684,4.680052117876164,2.4089948668102448,0.013330596731049343,0.14897011056902124
P,2,90,7,Reflectance GREEN,465,0.9998919603961494,3.270543009174493,32.179758106479824,0.7499400243218569,0.46862996789199696,4.686967805833893,2.3921898830364294,0.013495533880119972,0.15000798115224762
P,2,90,7,Transmittance RED,465,0.9994698077833771,17.03051907721365,17.931980658070145,0.6847418480009161,0.47106312334373196,4.708031709051003,2.313438039100141,0.014659556193915643,0.15605362997334443
P,2,90,7,Transmittance IR,465,0.9999054683608725,16.971665394995878,40.66915361045425,0.7051184956588967,0.47003520969190393,4.7039144910543005,2.339132100181174,0.01413688338692016,0.1546189542446188
P,2,120,5,Reflectance RED,624,0.9997465217689925,0.6285981700756449,27.750401695038057,1.1750275526761105,0.28645260612272827,3.993483451437822,2.8849353640283812,0.010770909328569559,0.13736641581318176
P,2,120,5,Reflectance IR,623,0.9996448212013183,0.5208000891230142,20.243501392212778,1.1794436475502164,0.28516766038998814,3.9811887176389757,2.8937451274058184,0.01071780263695815,0.13963418222337626
P,2,120,5,Reflectance GREEN,623,0.9996407331708113,1.180508142211147,23.652167290302835,1.181439703368591,0.28443176042372326,3.9774662075177862,2.898534597653592,0.010699107755255944,0.14282786199699352
P,2,120,5,Transmittance RED,625,0.9993592172362034,7.972901662028143,17.233872207622884,1.162214487996791,0.285952527738104,3.9755197645608353,2.8614420061980765,0.011196349912669715,0.14270745260491546
P,2,120,5,Transmittance IR,623,0.9997290593702575,6.720421308238324,30.081095547694833,1.1697256627802093,0.28536540324670956,4.000916755716337,2.875290700203507,0.010911536192596959,0.14197026127038723
P,2,120,6,Reflectance RED,625,0.9998077418232366,0.7351119450485827,30.651650229836115,1.0792066272586938,0.32656556212553595,3.9439024765922257,2.5874145318877146,0.008541232351114425,0.10157979281792022
P,2,120,6,Reflectance IR,625,0.9997336506668648,0.6292879467514676,23.500482019023483,1.0826040581868241,0.32606583672360145,3.9429122562862036,2.594319716092796,0.008506108020842017,0.10305993156432275
P,2,120,6,Reflectance GREEN,625,0.9997330520283896,1.3938271512477756,25.885575827966953,1.0824523707338785,0.32540788927187203,3.9383392314127046,2.5934636072639763,0.008443507969889031,0.1073395386666877
P,2,120,6,Transmittance RED,625,0.999343937935347,9.041824477432405,17.761694238892908,1.0641173832339188,0.32698277737206255,3.9432364405782074,2.5560904906060613,0.00888675195376098,0.11173690434721456
P,2,120,6,Transmittance IR,625,0.9998063966943658,7.99502987273746,32.52925625099802,1.0727785804077252,0.3266267690256106,3.9413075978488186,2.572599336193803,0.008565624590624548,0.10781450461939297
P,2,120,7,Reflectance RED,627,0.9998527202020537,0.9115529593447917,33.457503760374216,0.9300127036132758,0.3621596858437273,3.991559210945773,2.2876034922898913,0.00928921729942761,0.10724553035359756
P,2,120,7,Reflectance IR,627,0.9998267575383423,0.8042701306032694,26.396901103450126,0.936220202855754,0.3614219807843164,3.983490650615899,2.2972323290658925,0.009200041768998527,0.10562573247412693
P,2,120,7,Reflectance GREEN,627,0.9998290896073053,1.8232209994021682,28.36431109529141,0.93218931023748,0.3616515709046258,3.988321173796898,2.2902758978000133,0.009237737220383738,0.10634746114191318
P,2,120,7,Transmittance RED,627,0.9994054675996269,10.451831226331546,17.2027671002143,0.9114922296741783,0.3627645907821103,4.078977480390217,2.251003662523254,0.00959142521273627,0.11026649442668075
P,2,120,7,Transmittance IR,627,0.9998603021405792,9.686351781340468,34.92709829034094,0.9222103877045267,0.36267378049952037,3.9798338035231433,2.268523975480329,0.00932901182151156,0.10764936994157805
P,3,60,5,Reflectance RED,312,0.9999322095946948,1.6813225231144842,39.399283554986965,0.8741967676039968,0.25540316047951117,4.4365974506873105,2.997548164225613,0.009163583349047617,0.09022438837737648
P,3,60,5,Reflectance IR,312,0.9999036263541018,1.4476963533127305,29.899606633219012,0.9044855252943121,0.25504034734938225,4.35229165984407,3.048231166503208,0.008995046319863424,0.08919122306862015
P,3,60,5,Reflectance GREEN,312,0.9998914775751673,3.349721979432161,32.037416640275154,0.8852366396560898,0.2553551294102143,4.379414279228458,3.0138382510048958,0.00910340668025707,0.08994625361261308
P,3,60,5,Transmittance RED,312,0.9996400443917426,18.97928792750288,21.167146750641315,0.7852152884161039,0.2545114502403003,4.443156180206515,2.8482252016234515,0.009876058660645266,0.09326010872373891
P,3,60,5,Transmittance IR,312,0.9999391286167517,17.421821811011476,45.41365833174877,0.8227243091915628,0.25412544193330955,4.464098665528601,2.9084817443692583,0.009520786179656501,0.09168628952109334
P,3,60,6,Reflectance RED,311,0.9999469321182352,2.185051871401188,43.21557698055199,0.636062575105188,0.29919190834154025,4.725347993591933,2.468293212093613,0.009733215817188503,0.10508231284618363
P,3,60,6,Reflectance IR,311,0.9999273626790537,2.0012309844427487,35.00478727498878,0.6635054578095434,0.29938478299074883,4.706625744103043,2.5045826073393074,0.009551606043828237,0.10420136402693563
P,3,60,6,Reflectance GREEN,311,0.9999272034387043,4.491034453581123,34.27142338591,0.6405336355870795,0.29937650200748817,4.723944568657503,2.4741804301138566,0.009710000019759626,0.10498990507265218
P,3,60,6,Transmittance RED,311,0.9995356628236705,22.466094622855827,20.078174070750503,0.5235075994556924,0.29738359977380247,4.744165814238986,2.337316735887801,0.010827587223214322,0.11060472597584779
P,3,60,6,Transmittance IR,311,0.9999558663712165,22.729377730764096,47.06966421778102,0.5585750924404956,0.2976349408387764,4.731891149559541,2.3772307298264246,0.01033324879532544,0.10707578194458128
P,3,60,7,Reflectance RED,312,0.9999640001283354,2.698170776923641,44.96568318463753,0.31606197541324693,0.3257080883908178,4.884125982945271,1.8774120400359542,0.011230134231995766,0.10660973505825826
P,3,60,7,Reflectance IR,312,0.9999615654028438,2.6088798722660727,41.38240927582228,0.33056250564357204,0.32587009686185076,4.881044686201115,1.8857384887533164,0.011090955642598663,0.10629904224009068
P,3,60,7,Reflectance GREEN,312,0.999947001178194,5.903037616430094,35.23787376299739,0.31677627153017035,0.3257798794780088,4.8830560798071225,1.8769436779306017,0.011222300487555384,0.10672155863608183
P,3,60,7,Transmittance RED,312,0.9993178145664018,23.249324537638742,17.171197457566997,0.213884463937976,0.3208697570764607,4.8797333894001556,1.8440267543353452,0.01274247735242851,0.11296410619122255
P,3,60,7,Transmittance IR,312,0.9999633090729001,27.137636567749514,46.50800222159161,0.24236815543560392,0.321532235649297,4.896121397735843,1.850373085578839,0.01208108768244501,0.1075061075525495
P,3,90,5,Reflectance RED,467,0.9998395983190144,0.9858529966285535,33.071720294118315,1.017647441753606,0.2644521243716995,4.362896316894335,3.1598558601827995,0.013387145720941334,0.17278632364295463
P,3,90,5,Reflectance IR,467,0.9997710130668317,0.8275299925122942,24.089363145772218,1.034120004689353,0.2631871728065333,4.344677187283031,3.1815634537373283,0.013233216513818676,0.17241602780455156
P,3,90,5,Reflectance GREEN,467,0.9997714488202116,1.8579795828140724,27.510365335191267,1.0308655458225524,0.26246884439432205,4.36219312926989,3.1744961868607793,0.013218025171522733,0.1738852307720016
P,3,90,5,Transmittance RED,467,0.9994841696342839,12.259081691428618,19.217403866240804,0.9646780982560543,0.2635237217059757,4.358646863661629,3.0854844705014637,0.014132143567743232,0.17815391936543068
P,3,90,5,Transmittance IR,467,0.9998462552867041,10.641414533112455,37.69813461531377,0.9876148678438672,0.2627405572093864,4.37037521938948,3.1162840721028275,0.013717533897921125,0.1771283268544499
P,3,90,6,Reflectance RED,465,0.9998715790849595,1.3979762096267268,36.827553526919566,0.9192557519615003,0.36040589839439485,4.367004170938109,2.850770187392903,0.014362850826200589,0.11118718909803221
P,3,90,6,Reflectance IR,465,0.9998689748429277,1.2131162781715912,28.202560771154847,0.9375486939446872,0.3587540262143452,4.304140490141007,2.874111416400462,0.014131533965706997,0.11004605315423094
P,3,90,6,Reflectance GREEN,465,0.9998456404485376,2.7945740225803073,30.145897288653853,0.9263541276605656,0.35946487945095584,4.347990264154615,2.858071355346086,0.014298507633291602,0.11047561632459671
P,3,90,6,Transmittance RED,465,0.9996879250778448,15.925063528074102,18.995465881900216,0.8588099113953547,0.36032931421575853,4.3385612384966725,2.778534120017723,0.015275954378377034,0.11378303032303727
P,3,90,6,Transmittance IR,465,0.9998654517559737,14.736761587112623,40.51586603774783,0.8859900595722795,0.3589509474933319,4.357207901989297,2.8108005666649207,0.014883144290458733,0.11175674286170723
P,3,90,7,Reflectance RED,467,0.9998994582223242,1.596238144001441,38.706051861490934,0.747925196747861,0.46892860293299327,4.6939748838838895,2.3905513871197805,0.013471520521515802,0.15045723149190668
P,3,90,7,Reflectance IR,467,0.9998995711581965,1.464395667121097,32.4454713049114,0.7645751620758133,0.46730998101831495,4.6829108628983445,2.4109531498934356,0.013289155183491795,0.14911749601492652
P,3,90,7,Reflectance GREEN,467,0.9998764766119526,3.2782758728727077,31.177806403470036,0.7503089644610682,0.46891640856322814,4.691996003040728,2.39211369965348,0.013465022753070209,0.1505845081278463
P,3,90,7,Transmittance RED,467,0.9994764753486838,17.065872721512854,17.843716284261653,0.6871622552489717,0.47201679371561667,4.709709662230851,2.3171253358834623,0.014515928989867841,0.15625645528750196
P,3,90,7,Transmittance IR,467,0.9999104933522945,16.995678617823344,40.678141581176305,0.708311660260215,0.47070352796676895,4.705973154814058,2.3413629302083803,0.01407745650751309,0.15415067982725836
P,3,120,5,Reflectance RED,626,0.9997333613191426,0.6284663227713974,27.766389391378137,1.173568771739542,0.2864986841946163,3.998714812566086,2.8789881847486676,0.010721692843490851,0.13946319594556925
P,3,120,5,Reflectance IR,626,0.999633567307127,0.5144540266689823,20.40171655383582,1.1777950017136816,0.2857349208961929,3.979834033494579,2.8879548744090036,0.010647946905914318,0.14132895053496525
P,3,120,5,Reflectance GREEN,626,0.9996205538929975,1.1796803148579493,23.683144584650464,1.1792359672788413,0.2850470713861752,3.9854122800951983,2.8902910686618535,0.010615414842015159,0.1431008735144132
P,3,120,5,Transmittance RED,626,0.9993754331983218,7.977417694542659,17.40479942065727,1.1620917903347003,0.2862080219284956,3.9787736913675458,2.8561005489600584,0.011089039527703657,0.1453089637097761
P,3,120,5,Transmittance IR,626,0.9997631571498966,6.721664145943127,30.18894498570374,1.1687170919384788,0.2859984842384864,4.014024269894692,2.8700802563320784,0.01075948857328715,0.14397765211420777
P,3,120,6,Reflectance RED,625,0.9998277635869988,0.7391980636726908,30.48625580780373,1.0708994247865522,0.3280801404168752,3.951880034640932,2.5691977015962504,0.008560553331234915,0.10528006189858098
P,3,120,6,Reflectance IR,625,0.9997842632914655,0.6264215487715917,23.240779207108197,1.0751341264576761,0.32700287280818147,3.946363076278912,2.5777293002025212,0.00846969706081627,0.1071105757656116
P,3,120,6,Reflectance GREEN,625,0.9997357864768598,1.3694309638718138,25.08003959854973,1.0777709674370042,0.325416884814236,3.940794674876326,2.583544375247149,0.008421387285901612,0.1122305505415976
P,3,120,6,Transmittance RED,625,0.9995665255113586,9.083398230279098,17.194030434795224,1.0564030020369952,0.3279167513786515,3.9560572426109384,2.537901540195966,0.008823575074479437,0.11344703550537792
P,3,120,6,Transmittance IR,625,0.9998179918891594,8.026779963775029,32.740133771640515,1.0633587102448794,0.327517105268363,3.951976416988195,2.551994113632669,0.008559851313812457,0.11140033048560867
P,3,120,7,Reflectance RED,626,0.9998423439157551,0.9162565568384439,33.40859905675272,0.9275494044195907,0.36223176884019126,3.9839692498645416,2.2813267747194423,0.009372546303047043,0.10764936994157805
P,3,120,7,Reflectance IR,626,0.9998310244417431,0.8022537881689662,26.88296649336981,0.9340359301027747,0.3613982472439803,3.9794531601350247,2.2921341625584883,0.009271094696851783,0.10634746114191318
P,3,120,7,Reflectance GREEN,626,0.9997866062402325,1.8315039952217793,27.330778315603077,0.9294930780566415,0.3615278671910203,3.9887997730455407,2.282733279026367,0.00932410039548687,0.10699781220414842
P,3,120,7,Transmittance RED,626,0.9993154145545606,10.50628219441651,17.290430316458362,0.9089528518648862,0.3625421132961869,4.087533154468298,2.2446545830127667,0.009770713083163025,0.1103756154854322
P,3,120,7,Transmittance IR,626,0.9998649306230819,9.7376025582954,35.086963519830434,0.9194017346547787,0.3622803758186489,3.9789621831654713,2.2617384763337136,0.009394314857100045,0.10859302828554705
M,1,60,5,Reflectance RED,312,0.9999152419303858,1.566801624302912,39.14299794048634,0.894803194032437,0.2524214397492247,4.471883208087567,3.0458793425730226,0.00909977794893346,0.08949698294083311
M,1,60,5,Reflectance IR,312,0.9999128908644239,1.7828258321431414,36.746341440775396,0.9077597033116548,0.25199233896696105,4.468834457656335,3.0648458515352575,0.009016097318360613,0.08917568503738155
M,1,60,5,Reflectance GREEN,312,0.999773791225966,2.2063737515258213,25.73298692195106,0.8982200888771729,0.252116031605461,4.461229595614422,3.0542849230952807,0.00915251362853121,0.08993635233937669
M,1,60,5,Transmittance RED,312,0.9989199750808744,20.192973207232733,17.00965470432596,0.7810953901792048,0.24983139007901722,4.4898635375240765,2.857566769966099,0.010230611196287657,0.09731972150224075
M,1,60,5,Transmittance IR,312,0.9999301334584236,19.85079141625061,44.90904319970346,0.8334035098383883,0.25074193933478506,4.448547081676893,2.9377677549077466,0.009531561726421,0.09137168820208065
M,1,60,6,Reflectance RED,312,0.9999424485820801,2.0444422810431737,41.339968161052745,0.6528176432646909,0.2933608447937541,4.68986698368498,2.529821662421032,0.00975782951824598,0.10484406929315013
M,1,60,6,Reflectance IR,312,0.9999460988109358,2.148238007590493,37.47317891963842,0.6725406470655149,0.2933549649414545,4.690747464226968,2.5556824003101024,0.009623950901491722,0.10404669235506359
M,1,60,6,Reflectance GREEN,312,0.9998893454390317,2.881646427877767,29.118375875318304,0.6593594210051317,0.2934382468935055,4.68934930245118,2.5374647804970296,0.009716840915172864,0.10517603854488664
M,1,60,6,Transmittance RED,312,0.9993124329856151,23.006555270899405,15.596891994395564,0.5061064514962224,0.2916410821702223,4.7223130282697365,2.352140382985164,0.011027433425749534,0.11111139766721045
M,1,60,6,Transmittance IR,312,0.9999468821885944,26.539177189205795,46.41816285384475,0.5642593568885663,0.2915095300943433,4.730327017497608,2.4180830591187483,0.010412354594961482,0.10738703045727668
M,1,60,7,Reflectance RED,311,0.9999588994317692,2.4510738910838485,43.52014564978727,0.34140584027669024,0.32359020733876326,4.881596756332851,1.9173488532108354,0.011134041890209242,0.10703275685018837
M,1,60,7,Reflectance IR,311,0.9999607786758653,2.5892934877140075,41.95391585485982,0.3502402318463494,0.3234822106131464,4.878958596431651,1.923540072065158,0.011074546133898537,0.10691936242711743
M,1,60,7,Reflectance GREEN,311,0.9999305999802114,3.727586738309985,31.750186607562256,0.3484911481464765,0.32407148907733196,4.87860882152596,1.9214999402387039,0.011077146814369662,0.10733361978204224
M,1,60,7,Transmittance RED,311,0.9982066675243569,19.80143567166776,11.751560356877818,0.1797208197572391,0.3169278857339119,4.839238425610287,1.8670659277026012,0.013441690130825393,0.11888984263157457
M,1,60,7,Transmittance IR,311,0.9999597356964638,31.520996671977674,45.38239866822015,0.23945123280102465,0.31830527576751955,4.897377702607178,1.8773917679746115,0.012290944634656237,0.10888559541769474
M,1,90,5,Reflectance RED,466,0.9998210135418815,0.9486901576707789,34.01889771665272,1.0241931927561863,0.26066061889548053,4.394759410961925,3.1563443858650215,0.013225005874462917,0.18069368188991708
M,1,90,5,Reflectance IR,466,0.9998153740562021,1.0644599410979425,30.007014673791257,1.031616236125946,0.25880913594034677,4.394700979842563,3.1657342236019783,0.013105492110988728,0.18247636837294043
M,1,90,5,Reflectance GREEN,466,0.9995471286054347,1.287161376239919,21.83845768731508,1.0259358791093371,0.2611867791230801,4.3846541826964245,3.15766803639145,0.013314539346518342,0.18125251985974128
M,1,90,5,Transmittance RED,466,0.9987671174023498,13.506768328425999,15.496396981200515,0.960880225460601,0.2590233492828201,4.410948791316947,3.0671239316887906,0.014308646510216922,0.18927557527604902
M,1,90,5,Transmittance IR,466,0.9998628678499107,12.07642038991552,37.850194989306075,0.992044266773961,0.2577575006984495,4.391188044016749,3.110344041552735,0.013592965817891413,0.18644396631050558
M,1,90,6,Reflectance RED,466,0.9998745045650775,1.2821243135940699,36.61282673644156,0.9466985797129348,0.3447155967426211,4.29355276010841,2.9127560581889242,0.014394033903781502,0.10666371554047131
M,1,90,6,Reflectance IR,466,0.9998609178029303,1.3283365613443596,31.309279002042288,0.9624212259597138,0.3427873218686577,4.268282335432822,2.9314321272697166,0.014213052483810738,0.1054281044010913
M,1,90,6,Reflectance GREEN,466,0.9997638419918977,1.7322818774039122,25.04706177286171,0.9484632490613176,0.3454478453728216,4.287406838071464,2.9165971141038742,0.01443667694360632,0.10681628551430125
M,1,90,6,Transmittance RED,466,0.9993071024166507,17.17329736264484,15.6154551256,0.8717715985321104,0.3413444933062848,4.317981997310051,2.831498323129659,0.015833752948855917,0.10994290234743492
M,1,90,6,Transmittance IR,466,0.9998708948167596,16.575055572695234,40.35288957160706,0.9043182782590413,0.34177407247283675,4.292321032863964,2.8647371396138706,0.01506201882127853,0.10782660815301975
M,1,90,7,Reflectance RED,465,0.9998875653088726,1.5041958836865938,38.11091957951397,0.7778537915378195,0.45361523395124353,4.678521436578608,2.4648888071937236,0.013734564682070485,0.14920170591558385
M,1,90,7,Reflectance IR,465,0.9998869183923669,1.5700746428520032,33.95847088433481,0.790596346918482,0.45232731361315076,4.667447231687831,2.481011079554568,0.0136047049322345,0.14798571029765104
M,1,90,7,Reflectance GREEN,465,0.9998165013901309,2.10688807905539,27.04660925763286,0.7786001504144515,0.45388047282372207,4.676618388312155,2.4682081807208887,0.013730563094608982,0.14885686121754307
M,1,90,7,Transmittance RED,465,0.9992312547830869,17.851523744203433,14.11806887873036,0.701773480957009,0.45657136989273267,4.686915006167469,2.373441656812809,0.01512558521180624,0.15538945359979475
M,1,90,7,Transmittance IR,465,0.9998870225885252,19.74230812498504,40.49298104471275,0.7374448477838291,0.454227384766091,4.692152765577445,2.4171039935524794,0.014394409016920335,0.15257958759521706
M,1,120,5,Reflectance RED,627,0.9997257035606392,0.5926265439019429,28.192415143607565,1.1762641054094254,0.2817874846093278,3.966496836679007,2.899595719811676,0.011044875750499027,0.14571181118139365
M,1,120,5,Reflectance IR,627,0.9997165970973522,0.5961681328108366,23.175307503477267,1.1819711459767017,0.28009231768192117,3.961796372166997,2.911871923597276,0.010910413529534715,0.1483119028534256
M,1,120,5,Reflectance GREEN,627,0.9994366214053008,0.7640731452587419,19.217806701651682,1.1723895669133244,0.28233504318818103,3.965040971868195,2.8937552160698985,0.011289954536642527,0.14415513999557938
M,1,120,5,Transmittance RED,627,0.9990249366783852,8.893470804324393,14.512702272514508,1.1572943396940998,0.28195079692336783,4.0118872022717635,2.866976341275477,0.011795717486929447,0.14961963446765822
M,1,120,5,Transmittance IR,627,0.9997816926789075,7.451431981579967,30.098430279598603,1.1700874467150746,0.28164081795581786,3.9592361660240623,2.8895953432363535,0.011192862842346413,0.14725460672034546
M,1,120,6,Reflectance RED,626,0.9998078920276732,0.7057649318299877,30.914634145961166,1.0737759774889342,0.3251142680569138,3.945808582137645,2.5776989646137283,0.008562993842421741,0.1153275426742176
M,1,120,6,Reflectance IR,626,0.9998149405267581,0.7209176680358256,26.209478810450076,1.0776697082276008,0.32393419479801167,3.9465081963724247,2.585731440406957,0.008455150757456033,0.11717672696485618
M,1,120,6,Reflectance GREEN,626,0.9995925686594236,0.9319644808836054,21.50330453604205,1.0713061723579527,0.3254159271974967,3.952321905386891,2.5742134849879594,0.00874705870348109,0.11469513702555363
M,1,120,6,Transmittance RED,626,0.9990867204701367,10.06278277328363,14.513613149701943,1.0555468179498293,0.3251172935464928,3.9732515885939765,2.541979915188168,0.00900423312987277,0.12433242798702987
M,1,120,6,Transmittance IR,626,0.9998301748672316,9.051077663369389,32.79649990462512,1.0669451912846761,0.3243855452597577,3.9400213674597646,2.563229268290949,0.008598957710465312,0.12117607669793624
M,1,120,7,Reflectance RED,625,0.9998411040067257,0.8346102769782884,33.30989791086157,0.9359333044991631,0.36113102402222647,3.9661789368154885,2.294861498139085,0.009201424023338373,0.10554003275731204
M,1,120,7,Reflectance IR,625,0.9998288899911236,0.846734377177469,28.352291551335714,0.9401315775692831,0.36022236574751487,3.969278372294184,2.3008201920787514,0.009095542608425532,0.10379679368164355
M,1,120,7,Reflectance GREEN,625,0.9996888404792141,1.1313461535366673,23.825505836347823,0.9340459747797523,0.36114105631386845,3.99890522480604,2.293099037171203,0.009319386660358184,0.10622221325530742
M,1,120,7,Transmittance RED,626,0.9981050444894877,11.313309426452395,13.984380347905358,0.9111554958150292,0.3616703555472006,4.110484573391592,2.2521687431455,0.010047934351029507,0.11367125895012001
M,1,120,7,Transmittance IR,625,0.9998553317493625,10.887521903542432,35.09516942325834,0.9259958604581853,0.3615839295146211,3.956579523930218,2.2721262078434297,0.0092534627824137,0.10667890741108454
M,2,60,5,Reflectance RED,310,0.9999264977722082,1.5521261332020915,39.18145530357399,0.8956729482247359,0.25427101295842514,4.451429225585149,3.0399831022038675,0.009037969313732724,0.08981297357602958
M,2,60,5,Reflectance IR,310,0.9999175337319401,1.5547219574792606,32.40878922884786,0.9175230028146099,0.2535461374012282,4.385409532380663,3.077172216407189,0.008914212905854082,0.08900142739763982
M,2,60,5,Reflectance GREEN,310,0.9998343957874285,2.095938253975426,27.33517548767054,0.8902099719353683,0.25439967876266334,4.447299244295119,3.0335152066907467,0.00911217675168144,0.09034039408012381
M,2,60,5,Transmittance RED,310,0.9990888066755197,20.55950869535943,17.805528673700763,0.782617399915736,0.2532076574320702,4.482435562222422,2.8598634831407947,0.010086070253724095,0.09496379821811551
M,2,60,5,Transmittance IR,310,0.9999374521299563,19.656728220658614,45.31758619076416,0.8303734152241896,0.2527709390986228,4.454012710558144,2.928646384113593,0.00951352980918824,0.0911647818251437
M,2,60,6,Reflectance RED,311,0.9999359422629138,2.0334578245683432,41.93524275441658,0.649979778805527,0.29390908337406924,4.689097170991817,2.5296505159943785,0.009755845867298586,0.10462495107887226
M,2,60,6,Reflectance IR,311,0.9999390849971129,1.9848689594859925,36.873057574114235,0.6670719887707218,0.2939043214699249,4.690602884257336,2.5521726670199816,0.009630072808856121,0.10411492695619756
M,2,60,6,Reflectance GREEN,311,0.9998910829982848,2.8825726067904904,30.00364456876816,0.6506867407573789,0.2942217204084519,4.687642788439426,2.5311676389021525,0.009751382581468817,0.10507759020679484
M,2,60,6,Transmittance RED,311,0.9988563642630035,22.981260004069306,16.131797538334116,0.5114058747702037,0.29163159282928397,4.719675068128145,2.3611408004962375,0.011162732010869382,0.11066112787322264
M,2,60,6,Transmittance IR,311,0.9999511125408992,26.40837228178243,46.696719187673565,0.5690109396362726,0.29254127324872653,4.7176557131580985,2.4240266043371617,0.010351846838137415,0.10696527363661215
M,2,60,7,Reflectance RED,312,0.999958683467332,2.447774756550818,43.753229079376595,0.3361789609964897,0.3248601502745875,4.881647425316517,1.9075903044193603,0.011159632787198972,0.10682082675492927
M,2,60,7,Reflectance IR,312,0.9999620827194897,2.4105621983842993,41.43168613882801,0.34793517208837793,0.3243072709508185,4.879601398044798,1.9150497177561974,0.01108334680444805,0.10660973505825826
M,2,60,7,Reflectance GREEN,312,0.9999366315723568,3.7316028647883264,32.239027594841296,0.3427626933414616,0.32532403339121896,4.8796996084175,1.9109156146179977,0.01109450018194084,0.1070858709599641
M,2,60,7,Transmittance RED,311,0.99799057334347,19.558862589896044,11.951117923675818,0.18662207364061653,0.31586448481398394,4.813864164933888,1.8559526158682473,0.013361388284192243,0.12073076271162397
M,2,60,7,Transmittance IR,311,0.9999588700266775,31.4613549679607,45.552799502625724,0.23616416599165044,0.3193024996145813,4.896746888838841,1.8695496553823523,0.012307493668740701,0.10851568285191185
M,2,90,5,Reflectance RED,467,0.9998277788517576,0.9420552029126902,33.96367869432034,1.0282033000674164,0.2620387012072642,4.398844209418713,3.155812270736256,0.013226329909713364,0.177617807889185
M,2,90,5,Reflectance IR,467,0.9997895977933791,0.9302854338283933,26.794679419834605,1.0402271421605405,0.26033705255483963,4.3871666502343265,3.169566899261434,0.013056136926869065,0.1788792126029819
M,2,90,5,Reflectance GREEN,467,0.9995976245051594,1.239278693318863,23.169710728806873,1.0232322295779084,0.26278867954614105,4.38756975637975,3.1525635228168634,0.013363717173052543,0.17817312954939005
M,2,90,5,Transmittance RED,467,0.9989599121837986,13.610783420834005,16.199561793284182,0.9591412920387736,0.26057435329691137,4.394244791735321,3.062859268235008,0.014347746426105869,0.18702134666177306
M,2,90,5,Transmittance IR,467,0.9998565550420023,11.965884004402293,38.0201177057991,0.9930127098256992,0.259869428790645,4.389585804378315,3.1085551425391933,0.013641374196366449,0.18263957237939837
M,2,90,6,Reflectance RED,466,0.9998635302675648,1.2703744306518407,36.83001675408238,0.9454565827546033,0.3430170445357664,4.30640036228581,2.9149220697240343,0.01458888757340775,0.10619853060284593
M,2,90,6,Reflectance IR,466,0.9998334108771082,1.191649082967055,30.17142041011686,0.9596862276175246,0.3410842906420275,4.290373781920143,2.9320550941327177,0.014433949921835006,0.10502589659180245
M,2,90,6,Reflectance GREEN,465,0.9997344081038188,1.7196323228885027,25.709804669625367,0.9446861913710004,0.34339847169901294,4.3032438365123005,2.9138225027018394,0.014698074383823697,0.10674173134702482
M,2,90,6,Transmittance RED,466,0.998894606618147,17.020960667851654,15.77481864248474,0.8657552078895372,0.34207070459073785,4.344844467217339,2.826134293174056,0.016154119608161537,0.11307925855672821
M,2,90,6,Transmittance IR,466,0.9998803925443046,16.40390986396472,40.45758514843938,0.9034269054005397,0.3414182212817526,4.291992505087082,2.8653586457755296,0.015219006054637375,0.10721065494598771
M,2,90,7,Reflectance RED,465,0.9998991904231082,1.5032818924893367,38.53098157703635,0.773187344955384,0.4548959836179898,4.679102310415985,2.4585370141719562,0.013755313679466415,0.149953891200645
M,2,90,7,Reflectance IR,465,0.9998889753615575,1.4597870929699075,33.33714608136332,0.7822558573405639,0.45381216111220923,4.675628783124096,2.4707238030816905,0.013646112655283283,0.14882301671947065
M,2,90,7,Reflectance GREEN,465,0.9998389634345133,2.1209401257219005,28.037426761409172,0.7721647252562085,0.45491431675622457,4.68099015533193,2.4606242374644216,0.013777904882687151,0.1498862810408007
M,2,90,7,Transmittance RED,465,0.9986661207620339,17.75386459417643,14.39587279333351,0.6926688003389364,0.45778166505098367,4.675357898443946,2.3676186589504833,0.015379061927954579,0.15622818756608498
M,2,90,7,Transmittance IR,465,0.9998995564150641,19.72625442513307,40.65058970805035,0.7303776753835169,0.45527630309538636,4.695441148444097,2.4097426047940957,0.014441285396213963,0.15336110221024077
M,2,120,5,Reflectance RED,626,0.9997246374317122,0.5901758107342063,28.576754226939798,1.175406878410794,0.2853350375430922,4.003111798796494,2.881518751532021,0.010601802339570178,0.14452259669828263
M,2,120,5,Reflectance IR,626,0.9996881365439049,0.5492470654137056,22.7000911344806,1.1798739097685047,0.2841697498224396,3.988064959045056,2.8914491872939045,0.010503583078296658,0.14720601017396534
M,2,120,5,Reflectance GREEN,626,0.9994165488350879,0.7696064898808364,19.904443176674267,1.1734461034503356,0.28593602827815234,3.9771874084296748,2.8810285676191967,0.010807519162910095,0.1419486979280658
M,2,120,5,Transmittance RED,626,0.998623821410012,8.774081959200355,14.803136997225938,1.1568681558759297,0.28466770671746744,4.005171391613162,2.8520327823482567,0.011302741200465084,0.14709701834792066
M,2,120,5,Transmittance IR,626,0.9997611584802788,7.423798980620102,30.32594800562394,1.1696397078634746,0.2851201937418655,4.012453048904532,2.8721756571279764,0.01073017324027388,0.14567729092663076
M,2,120,6,Reflectance RED,625,0.9997935722492517,0.6977231352193439,31.01487212399428,1.067790124438545,0.32700670692357525,3.9508830307315685,2.56335048744136,0.008551065804042673,0.11416236605558061
M,2,120,6,Reflectance IR,625,0.9997793746285698,0.6500176682938033,25.371158272887826,1.072201044972148,0.32556920164890807,3.948460589946743,2.571314402453068,0.008468465662287677,0.11713413644473805
M,2,120,6,Reflectance GREEN,625,0.9995590889431374,0.9279847113547811,21.638106206645954,1.0652949423171654,0.32685478575773813,3.951122847906904,2.560740565798397,0.008722241160503788,0.11490613700842528
M,2,120,6,Transmittance RED,625,0.9984913571349002,10.002630736707664,14.465135117247907,1.0477607626862284,0.3264920713269329,4.001963664107863,2.530699184569644,0.009278589942299874,0.12731947802135196
M,2,120,6,Transmittance IR,625,0.9998213045353181,8.95408185304325,32.869837655237134,1.061200278833743,0.32624120827544617,3.950664567544294,2.5487509133418365,0.00857727442910106,0.12006353835510863
M,2,120,7,Reflectance RED,627,0.9998659815616996,0.8367935573409504,33.560934015851174,0.9287974464295525,0.3611424983145466,3.9694320362548177,2.2798319945453254,0.009278873989850127,0.10624273891751734
M,2,120,7,Reflectance IR,627,0.9998241569243315,0.7798642208948495,28.054267057651177,0.9340858371065166,0.3602738438643695,3.986178936815488,2.287844342366123,0.009175825444573394,0.10430454935062239
M,2,120,7,Reflectance GREEN,627,0.9997133084549585,1.1408060842087429,24.273496207045323,0.9264726792785005,0.3616858687690072,4.012789316585003,2.277299298104852,0.009436393767809971,0.10711985682184888
M,2,120,7,Transmittance RED,626,0.9986257221176069,11.256991352659718,14.252832009436728,0.9073446243129897,0.36207296902040575,4.0990326296054995,2.2431752979291497,0.009901595176800077,0.11176468199501866
M,2,120,7,Transmittance IR,627,0.9998553377409841,10.912781801683638,35.37951650618972,0.9184694887368454,0.36171241289149847,3.9962299799609533,2.2569527130217897,0.009355443643736788,0.10732112585721303
M,3,60,5,Reflectance RED,312,0.9999193583660293,1.529720947382735,39.281037594615306,0.8483782462088765,0.25519419606418753,4.4685369596366185,2.9652610109964295,0.009336826564946245,0.09152450959521023
M,3,60,5,Reflectance IR,312,0.9999290253735902,1.2699722856326785,29.956057051685445,0.8748376944363235,0.25490975323137377,4.413368377143907,3.0067809445777334,0.009159296816583687,0.0905409993991366
M,3,60,5,Reflectance GREEN,312,0.9998690195239175,2.0401149461139454,29.427200660018393,0.8564999912543836,0.2549978609265805,4.4611989671297,2.9804366948499315,0.00933520945940286,0.09146545471129225
M,3,60,5,Transmittance RED,312,0.999802266920991,21.235170176971614,19.26824554642161,0.7326454254403256,0.25407565573190793,4.500519152242278,2.7799131358015763,0.01021058710803829,0.09527481493524712
M,3,60,5,Transmittance IR,312,0.9999362441380284,19.72746023593404,45.88902270860502,0.7850690338907289,0.2540551107815363,4.403208343851707,2.8574273053869126,0.009794313355975654,0.09330349870952429
M,3,60,6,Reflectance RED,312,0.9999514478711568,2.054491295986011,42.45327375120689,0.6210118586815605,0.29486546502932565,4.708073420013741,2.4685212434858728,0.009931835915049345,0.10654325326738984
M,3,60,6,Reflectance IR,312,0.9999480249207982,1.7882790660098624,34.84712876520352,0.6435155767780439,0.29479679072488096,4.7052612044988,2.4968657929213594,0.00978060091644,0.10578415472368341
M,3,60,6,Reflectance GREEN,312,0.9999098940922451,2.918354212625011,32.417308659623544,0.631357350995297,0.29506197627602637,4.7065356437967845,2.4833627769283098,0.009882870951918712,0.1064714315159762
M,3,60,6,Transmittance RED,312,0.9996263743166538,24.215488108745227,17.496733477987767,0.48245817476402947,0.2924666384098153,4.745422383763799,2.312129323378436,0.011227736680613484,0.11206516925572392
M,3,60,6,Transmittance IR,312,0.9999462195475775,26.731028239144702,47.54165813453732,0.5406422795230312,0.2929184454832141,4.7401305835331495,2.376433600921919,0.010602120372603774,0.10855542171466734
M,3,60,7,Reflectance RED,312,0.9999400938778311,2.359154839757662,43.897988533408494,0.36007619568728483,0.31724048259705806,4.878121716537209,1.9608869559860471,0.011127444672548007,0.10809867186117597
M,3,60,7,Reflectance IR,312,0.9999390350099862,2.1509734921165933,38.64566018695786,0.37843854158224766,0.3174578387597169,4.874474509414069,1.9742602946603622,0.010986531707669424,0.10770518261708048
M,3,60,7,Reflectance GREEN,312,0.9999237912699052,3.588395595422289,34.303769410656926,0.36990988517939954,0.3180929857888106,4.876036701342167,1.9674661324166989,0.011043310701963722,0.1080383151629635
M,3,60,7,Transmittance RED,312,0.9994218639469223,21.58449768188922,13.980170848191639,0.21110796174898486,0.31288345549846736,4.886785407828709,1.9005212363912283,0.01296605702487922,0.11527675621933556
M,3,60,7,Transmittance IR,312,0.9999422987781388,30.935403411975972,46.478838504204134,0.26468603263354035,0.31311975588502455,4.895924946113626,1.9178106462006634,0.012184443122197368,0.11023583002100051
M,3,90,5,Reflectance RED,467,0.9998521357328034,0.969752349245103,34.15494692052074,0.9534349420354683,0.2750659905957964,4.330294551352843,3.0959615337273227,0.014257799461871334,0.16500252133674348
M,3,90,5,Reflectance IR,467,0.9998356741654821,0.7776402113192254,24.619310019039055,0.968366396421941,0.2735319366853441,4.36557150359046,3.1144669419221453,0.014090806966761448,0.16595359621040015
M,3,90,5,Reflectance GREEN,467,0.9997412271817578,1.2492390883527718,25.240982122890138,0.9498816033759707,0.2759308341837425,4.333280420457,3.0925367390871497,0.014325149455359756,0.1648538637535637
M,3,90,5,Transmittance RED,467,0.9997151578516777,14.355094282757323,17.965505857077346,0.8886018382617759,0.27455746222561833,4.405877542940728,3.0118909465589687,0.015091248656928784,0.1702686227212237
M,3,90,5,Transmittance IR,467,0.9998617063675805,12.198717968541157,38.05324170306447,0.9213756552924363,0.2735419998938854,4.312606204422992,3.0528603811466035,0.014657363599015179,0.16937205679457362
M,3,90,6,Reflectance RED,466,0.9998840455829063,1.296481172092828,37.482459970312775,0.9385289755736331,0.361738361654526,4.349364589732942,2.8594786170933904,0.013995793322281916,0.11236658143247942
M,3,90,6,Reflectance IR,466,0.9998883537802752,1.0734956293893392,28.706081554250368,0.9549899427451162,0.3597223215596701,4.267692665483793,2.880706082248882,0.013818173089431018,0.11128359809559786
M,3,90,6,Reflectance GREEN,466,0.9998284273538959,1.7712009590949647,28.468921750496214,0.9393383605476295,0.3619685733903564,4.3496572670326055,2.861200561239591,0.01399854185856537,0.11282516729559659
M,3,90,6,Transmittance RED,466,0.9996452947956335,18.09321280391933,17.922703023009053,0.8597773364650902,0.36124288880541944,4.358712216048701,2.7680669462556966,0.015218281767017144,0.11642710324524762
M,3,90,6,Transmittance IR,466,0.9998774714387954,16.840040213313316,41.21844764986885,0.8968540715670605,0.35978189107013214,4.37371653920475,2.8095753915108928,0.014646544378415845,0.1134081060649837
M,3,90,7,Reflectance RED,467,0.9998990828881982,1.4776246567462146,38.409904224923615,0.8111881811144549,0.43631284047992025,4.658229948018198,2.550567019918694,0.013916472406101875,0.14579990060983838
M,3,90,7,Reflectance IR,467,0.9998993233560676,1.2671493522545305,31.071966213877765,0.8261183049451241,0.4349371564065305,4.6462626007828325,2.5697880065695955,0.01374954456077888,0.14462112587668377
M,3,90,7,Reflectance GREEN,467,0.9998588777149809,2.069912496765819,29.674165768280425,0.8159598349386711,0.4364601731194463,4.653029455391183,2.557133378963569,0.01385864498981175,0.14551838928367355
M,3,90,7,Transmittance RED,467,0.9996565323808969,18.815100463892794,16.237445009283388,0.7301108232306325,0.4388721894531946,4.676425615558701,2.458384692771161,0.015225375380347166,0.15244670605891097
M,3,90,7,Transmittance IR,467,0.9999085176544589,19.429702365898866,40.700566386185244,0.7685924064302199,0.43655356991604227,4.665711129863328,2.5016200860035753,0.014613451329168059,0.14830900295361704
M,3,120,5,Reflectance RED,626,0.9997519067637151,0.6146328504370853,28.871935741760556,1.1646810451490448,0.2877422452676149,4.038690221242832,2.853703675118006,0.010512380153921174,0.14412701099598543
M,3,120,5,Reflectance IR,626,0.9997596824986243,0.4815230558830997,20.75507672319327,1.169458061501761,0.2868039938575044,4.025694257139536,2.862518741186265,0.01037038754130896,0.14578995765528008
M,3,120,5,Reflectance GREEN,626,0.9996140996131992,0.7882929685234115,22.753248868693,1.163050244865077,0.2877845313150037,4.014035134101591,2.8507233418186155,0.010682375947876415,0.14347183064095714
M,3,120,5,Transmittance RED,626,0.9996229771492369,9.205130026637352,16.316423179185993,1.1512257836306778,0.28811584575003185,4.009974557679863,2.827327286354534,0.010856336712949936,0.14695927973474532
M,3,120,5,Transmittance IR,626,0.999759167999063,7.542428271147617,30.664137705351248,1.1603525748024777,0.2875098941518911,4.038097156865334,2.8448111637973987,0.010594430208374663,0.1466740314866689
M,3,120,6,Reflectance RED,626,0.9998316383739663,0.7168971869659914,31.393913114890765,1.0638491968115504,0.3274702197014191,3.957269667118003,2.5564800709066127,0.008704945024432469,0.11223075072337088
M,3,120,6,Reflectance IR,626,0.9997902344489509,0.579373573660416,23.93694298481456,1.067670158908411,0.3270042225107097,3.9524674171731973,2.565126028811682,0.00862580944824655,0.11301372021307002
M,3,120,6,Reflectance GREEN,626,0.9997244472265809,0.9463335109776285,24.472988166822986,1.063267137831787,0.3279412363503651,3.9600188298272982,2.5556941626255427,0.008769238306922406,0.11186547415743739
M,3,120,6,Transmittance RED,626,0.9994376315624356,10.53920573758611,16.695072277495232,1.0480369924470512,0.3281484015432491,3.981043508682318,2.522881292494574,0.009033262728395833,0.11818707990729918
M,3,120,6,Transmittance IR,626,0.9998337936486379,9.138768759747347,33.08487049083394,1.0574369024297556,0.32692869674671937,3.956057242610938,2.542829656326593,0.008729527407359288,0.11730107890631009
M,3,120,7,Reflectance RED,626,0.9998465269007619,0.8193047530369977,33.139491361189116,0.9532316665206026,0.3561514360211142,3.9721977003516966,2.3261826823113454,0.009159390860417532,0.1048402163603018
M,3,120,7,Reflectance IR,626,0.9998428791282603,0.674839929541142,25.764080636771055,0.959468608219959,0.35525323499073824,3.960475192220287,2.3358195594652535,0.009024995508940717,0.10311812210719298
M,3,120,7,Reflectance GREEN,626,0.9997656265821728,1.1080151549905661,25.75982930036057,0.9527052471566972,0.35638485576689294,4.0075188894775335,2.3262546320257447,0.009252924900671474,0.10514086945149465
M,3,120,7,Transmittance RED,626,0.9996186351658013,11.63399858470855,15.854822504015068,0.9325681445498936,0.3576346092205285,4.058359855264978,2.284246030398765,0.009445375339465463,0.10694655881346109
M,3,120,7,Transmittance IR,626,0.9998577439325336,10.6805063780399,34.94252613378306,0.9446103932738755,0.35673428643527616,4.0372078920281576,2.3062748396416612,0.009216604289347622,0.10544705584786854
D,1,60,5,Reflectance RED,312,0.9999136567685525,1.2701165220208464,37.665288487351575,0.8817784912994283,0.2516900046787577,4.46037399869355,3.0275821052346306,0.009220605179633308,0.09110238405378925
D,1,60,5,Reflectance IR,312,0.9999306389610007,1.5547348030453843,34.943131888447944,0.8924254335936942,0.25174216884978334,4.452926915680529,3.04326718448646,0.009134878211805536,0.09069762913624424
D,1,60,5,Reflectance GREEN,312,0.9996779517242204,2.2539744824522607,23.083760090421926,0.9043868504684919,0.2520891280093749,4.451221559097337,3.0648214135477034,0.009175230408465629,0.09093176556486418
D,1,60,5,Transmittance RED,312,0.999107507094846,16.65451017735071,10.912302082456147,0.7725983883816155,0.2504971708974202,4.496367076748997,2.8524071573750787,0.010216515296492864,0.09628074718341151
D,1,60,5,Transmittance IR,312,0.9999308351417235,18.73793378791077,44.88588366613774,0.8249237939894752,0.2503675651659403,4.450297145160463,2.929545143534696,0.00962600647680355,0.09269943948234148
D,1,60,6,Reflectance RED,312,0.9999409147676355,1.7403596891792876,35.366305846972104,0.6421407226406706,0.2880534615446199,4.686305241933852,2.5206106448449352,0.009895824429216557,0.1056634828167691
D,1,60,6,Reflectance IR,312,0.9999484779918237,1.9869861805694524,43.15011775700124,0.6696038103751708,0.28790631513541765,4.675444497147497,2.557945926059735,0.009726698193104379,0.10448817566540734
D,1,60,6,Reflectance GREEN,312,0.9997578439060165,5.150863473772686,24.47697463671648,0.6424058301718446,0.2882699826861618,4.689359494422473,2.5194583377881896,0.010002984375346174,0.10680384719728503
D,1,60,6,Transmittance RED,312,0.9982851780457755,20.813113719518636,8.369987505416255,0.5322133258394162,0.2863400510431492,4.698297971374474,2.38465884589771,0.01121506472740979,0.1135411086469148
D,1,60,6,Transmittance IR,312,0.9999505905034003,23.653720534976493,45.26808852687748,0.6045593297635612,0.2867567861226318,4.7039682104206255,2.471512717624771,0.010234802218137867,0.10689337439581086
D,1,60,7,Reflectance RED,310,0.9999580281370146,2.005736071891789,42.550339561314345,0.3365641801791985,0.319252279784796,4.886548311862126,1.9334018079371145,0.011248947445808294,0.10832222715215448
D,1,60,7,Reflectance IR,310,0.9999601007014406,2.3082296754437257,44.15027820652604,0.33766038859894487,0.31871269702185134,4.88590155311076,1.9353381202136601,0.011258686036785885,0.10824066422520381
D,1,60,7,Reflectance GREEN,310,0.9998851216012874,3.994707114525472,28.199425813785847,0.34751042818142847,0.31948230733017974,4.8834855340596945,1.9417648866373547,0.011234319595769041,0.10924453042563133
D,1,60,7,Transmittance RED,310,0.9917151233589343,14.482508911442824,6.192942734388087,0.18880626129229242,0.31273353283167327,4.694245345218138,1.904148568823878,0.014326628335226094,0.12705595494350488
D,1,60,7,Transmittance IR,310,0.9999585373944696,29.18543628100671,44.552161383349606,0.2509371876460976,0.3143154958816994,4.901390080990092,1.898768564578654,0.012232791172025692,0.10959772118257838
D,1,90,5,Reflectance RED,465,0.999840730932388,0.7913231406176866,32.94688215087549,0.9923498380197385,0.2682998807917175,4.378024646687349,3.1294779051354764,0.01362185247636075,0.1759207855847905
D,1,90,5,Reflectance IR,465,0.9998517451467559,0.9564094865959791,28.93225182112038,1.0050474575959019,0.26659884431035097,4.370408865365511,3.1459621734914758,0.013461061490227291,0.1759801852999791
D,1,90,5,Reflectance GREEN,465,0.9994124890904598,1.357618419377733,19.377201795368702,1.0033391651325905,0.26677583908990044,4.374953454352057,3.143039764370539,0.013636945048783823,0.17733401528291554
D,1,90,5,Transmittance RED,465,0.9990801358193394,11.414998273357268,9.23483061455645,0.9395457552276328,0.2662976539314919,4.412084001044976,3.0617893153956355,0.014506916483930758,0.18216220694101612
D,1,90,5,Transmittance IR,465,0.9998528790594609,11.391596356603578,37.67696502708192,0.9688264577560591,0.2661840276326136,4.36696474434117,3.0976358978545715,0.013901235000247853,0.1794819902858768
D,1,90,6,Reflectance RED,467,0.9998810107919656,1.0776165486372473,35.97078345727449,0.8909741947623212,0.3619757028723866,4.374150016372996,2.8259544982398865,0.014564843729827612,0.11778303565638351
D,1,90,6,Reflectance IR,467,0.9998815497831063,1.2829717999206216,33.46073448936218,0.9013371326888941,0.36033939663618375,4.380405630299911,2.838233385191112,0.014449821866660035,0.11673755725483048
D,1,90,6,Reflectance GREEN,467,0.9996614966318572,1.922835654559307,22.143638305306126,0.9024494422041839,0.3607202283630903,4.374620752551403,2.8396388614101795,0.014489625726810083,0.11717473670214926
D,1,90,6,Transmittance RED,467,0.9987828182136724,14.053283469063588,9.63135046171599,0.818516677343317,0.3602204741287589,4.422501775748692,2.748556219526486,0.015930471982127725,0.1240805189616432
D,1,90,6,Transmittance IR,467,0.9998873104880192,16.025327264148114,40.515059342925106,0.8507189364393126,0.36015682806885724,4.377898907472991,2.780849171297479,0.015163895545277561,0.11873968224845265
D,1,90,7,Reflectance RED,466,0.9998794167651737,1.2086426137242112,37.21339950969282,0.7878216222080562,0.44096143646933506,4.670690571940501,2.5188527437288175,0.014068282006714545,0.14920170591558385
D,1,90,7,Reflectance IR,465,0.999890629681799,1.4539557122773918,35.737452550549136,0.7921714592827951,0.4399243020182126,4.668805617565206,2.5246246371066308,0.014037890465154801,0.1484570428411983
D,1,90,7,Reflectance GREEN,465,0.9997339992714611,2.2517339011998434,23.818241815068543,0.7945975328173173,0.439824844848389,4.663355840002633,2.5253195424294046,0.014073312979467815,0.14853268752303506
D,1,90,7,Transmittance RED,465,0.9957617267874822,13.694185972494873,7.791284084557395,0.7050972867265344,0.441568362686406,4.599845768750969,2.4351801532548607,0.016016598745476465,0.15611918439993058
D,1,90,7,Transmittance IR,465,0.9998870574710028,18.346154680511667,40.15793460535405,0.7422245112928461,0.4409139798105037,4.678801811913184,2.470303861742734,0.014822958482574521,0.1518213053754404
D,1,120,5,Reflectance RED,625,0.9997346410115119,0.5070135152940894,27.852012883755222,1.1688755427564308,0.28448241905070026,3.9817608029464955,2.8790720553894444,0.010970977022434915,0.14391517593323147
D,1,120,5,Reflectance IR,625,0.9997624882121482,0.604186478887406,24.693881051870555,1.1736215468396727,0.2836145103325043,3.989316997468596,2.887825325224949,0.010844763645343094,0.14473884564491168
D,1,120,5,Reflectance GREEN,624,0.9989159211455572,0.8552913263476468,15.728226033837657,1.1702797331726442,0.2814048265428821,3.989802493356062,2.883756381357836,0.011134832410112549,0.14885124440755412
D,1,120,5,Transmittance RED,623,0.9985928793401604,7.549948670949845,8.020203958335978,1.154449175833097,0.2836087950094277,4.015625156378264,2.8584139852251282,0.011596024123435031,0.14803248331532254
D,1,120,5,Transmittance IR,625,0.9997534866650137,7.11804793302684,30.205419576959404,1.1666824053985585,0.28403140020143514,3.9827667771480604,2.874948090379462,0.011006052351459827,0.14623158872831088
D,1,120,6,Reflectance RED,626,0.9997984119825523,0.593023441574476,30.49499512016827,1.0652634658372953,0.32600402630825753,3.9520112875779025,2.562076537409592,0.008826894227696943,0.11682637242451983
D,1,120,6,Reflectance IR,626,0.9998131721312289,0.7024036505841781,27.795561239509222,1.0684260842447393,0.32473842859265556,3.9483033810550348,2.5685764952226258,0.008717880005872574,0.11860260557079888
D,1,120,6,Reflectance GREEN,626,0.9992322612974756,1.02512059088492,18.060953004060945,1.0676926341479969,0.3242888442851537,3.969292759797164,2.5707694754447172,0.008925165459098721,0.12139866063340068
D,1,120,6,Transmittance RED,626,0.9971343568039516,8.418564035699983,8.20154956727449,1.0426356302676414,0.3247105997376828,4.052778067653714,2.5262720390071842,0.009597385383263268,0.1324142411699429
D,1,120,6,Transmittance IR,626,0.9998123176089965,8.604362975017889,32.90793497081255,1.060231169114012,0.32479916326573244,3.9503961242590955,2.5510011641398753,0.008803500798317786,0.12156046278351747
D,1,120,7,Reflectance RED,625,0.9998539519006845,0.6941545496010826,32.61996554058565,0.9435379358014618,0.35713288325562015,4.06249562531887,2.3116423103447445,0.009402380310848269,0.10819014649934507
D,1,120,7,Reflectance IR,625,0.9998383301791437,0.8164357963349594,30.214054128478335,0.9482773286233918,0.35632962212833874,4.04249562531887,2.3183407454076166,0.009311298592961648,0.10684542661766329
D,1,120,7,Reflectance GREEN,625,0.9994807494247719,1.2417571014579312,20.21123456239696,0.9441460937409102,0.3567788427241403,4.067552449739537,2.315007128808442,0.009586433328349013,0.10807422152942253
D,1,120,7,Transmittance RED,618,0.9951729712901749,9.253912416542462,7.787662871187111,0.9105962345533336,0.356435429934179,4.165801253734344,2.2668493435317174,0.010740248654598092,0.12708767707120155
D,1,120,7,Transmittance IR,625,0.9998547117951967,10.340034412446586,35.04782258189256,0.935867882385492,0.35750280158426495,4.075119117503035,2.2941895990699,0.009462402587874738,0.10888689934741286
D,2,60,5,Reflectance RED,311,0.9999220030083171,1.2786637103160023,37.97091598679326,0.8952603402423908,0.2517599277742379,4.466419572438261,3.048482128380463,0.009132201562151084,0.090489106123762
D,2,60,5,Reflectance IR,311,0.9999204893124392,1.4879574670675373,34.352836091156085,0.912101231409427,0.2510865406189183,4.4765037279954765,3.076027084999706,0.009030621051689605,0.08982191223004717
D,2,60,5,Reflectance GREEN,311,0.9996541578164091,2.2417748469200482,23.539698960704463,0.9237713917649988,0.25178275037987446,4.454624933547286,3.0968734938192006,0.00902617885683867,0.09044317346961395
D,2,60,5,Transmittance RED,311,0.99727949702326,16.85345429585288,11.579777376933691,0.7838150826338365,0.25112672651197976,4.465696129535388,2.867015125964213,0.010492994508476811,0.10190628078973879
D,2,60,5,Transmittance IR,311,0.9999283441187995,18.54637526580515,44.823285757874075,0.8355978774373317,0.2502019391950869,4.455433658953367,2.946875157896007,0.009541747995630345,0.09221792514996029
D,2,60,6,Reflectance RED,312,0.9999389412840061,1.6511395767496995,40.27797854463566,0.6643625961350828,0.29263084128722083,4.7106123473787385,2.5437881622442067,0.009653964888005842,0.10493848568743484
D,2,60,6,Reflectance IR,312,0.9999431043792912,1.953703555815153,39.09693873674726,0.6602174586216374,0.2924708258881632,4.7097709828068695,2.5388213548018865,0.009696222983208377,0.1049875710259143
D,2,60,6,Reflectance GREEN,312,0.9998090206173489,3.07468500958922,25.78777488183488,0.6722130417720886,0.2929489756219887,4.701885299312465,2.559060410841835,0.009711966832299301,0.10573219378884736
D,2,60,6,Transmittance RED,312,0.9957619210647024,17.51738803106455,9.744947918347712,0.5170463428679914,0.2890909859076821,4.6708757975842445,2.3640537525560674,0.011490343508932898,0.1164221258583576
D,2,60,6,Transmittance IR,312,0.9999492313560427,24.477214827678047,45.7425893881303,0.5767223322784458,0.2907498837360665,4.729885906271479,2.4363974128434362,0.010322765531082877,0.10770395999546846
D,2,60,7,Reflectance RED,312,0.9999623534645421,2.04161433977053,42.69935592522999,0.32313580079265897,0.3206605683350339,4.888811535645313,1.9160879551807115,0.011340848592400088,0.10808451236687697
D,2,60,7,Reflectance IR,312,0.9999614364153231,2.2886698774016487,43.71805707013036,0.3281226377336044,0.32016560662554555,4.888906618423382,1.9200276949379174,0.011304936871978918,0.10800323827674588
D,2,60,7,Reflectance GREEN,312,0.999896645175131,4.021622814943873,28.456248921777714,0.33889565272951694,0.32150929402637807,4.883960682080451,1.9250880818059808,0.011229920509454542,0.10886269185737288
D,2,60,7,Transmittance RED,312,0.9913891303130524,14.338837602922935,6.087445607216541,0.18381996201775483,0.3144241653235343,4.701820340231544,1.8985649597986167,0.014568034586372826,0.12316530262854539
D,2,60,7,Transmittance IR,312,0.9999612728638412,29.172953618276694,44.43984067868418,0.24203822395683858,0.31586302327982413,4.900170814002207,1.885677373379407,0.012272124953071034,0.10923648950251932
D,2,90,5,Reflectance RED,467,0.9998313160808237,0.7834476800989517,33.00935401976893,1.0404193456874131,0.2627175021452993,4.378491122154266,3.1717408511523706,0.01298259312787779,0.1769063811061778
D,2,90,5,Reflectance IR,467,0.9998142328049918,0.9043789045754203,28.36258177728923,1.0516839219439784,0.26133873560903753,4.3330983702921015,3.1863934982403808,0.012822071516473433,0.17727683158025526
D,2,90,5,Reflectance GREEN,467,0.9993064737908912,1.3273176312714565,19.518725996343512,1.0524811736537165,0.260317456447967,4.371699849768011,3.183007904179631,0.012907320396904162,0.17987432400330555
D,2,90,5,Transmittance RED,467,0.9967813883118734,11.35875933564297,9.77349469561046,0.9840385580350185,0.2610333744316581,4.403233670731193,3.096539158498672,0.014399024630255188,0.18598121321148495
D,2,90,5,Transmittance IR,467,0.9998460542617984,11.171745792128746,37.69748157856505,1.0135601448384997,0.2613651579830161,4.404715795265975,3.1322906832607376,0.01329281124338088,0.18057566316739607
D,2,90,6,Reflectance RED,466,0.9998864042735665,1.0523675413429106,35.6336135133554,0.8862267001363142,0.350506875748026,4.3305058611669285,2.8622595422879304,0.015059809685696007,0.11527360129564437
D,2,90,6,Reflectance IR,466,0.9998819602131217,1.214668422551934,32.24586644341812,0.8947605331054722,0.3484435377864692,4.334184159592677,2.8724693833749058,0.014991697923253541,0.114349215373064
D,2,90,6,Reflectance GREEN,466,0.9996552721109945,1.8785300296125083,22.087932105391914,0.8944770066057179,0.35095098798954516,4.352258907736069,2.866349995660016,0.015051863492471259,0.11554072811441027
D,2,90,6,Transmittance RED,466,0.9977466350219124,13.952623145731,9.592551669155252,0.8017451246838136,0.3497276030971357,4.4116608161638045,2.7721190986459128,0.01684662513204557,0.1280978190868006
D,2,90,6,Transmittance IR,466,0.9998907010103626,15.657714712173902,40.20957090041754,0.8392804754213209,0.34951012811944693,4.407688459350382,2.8100086955433454,0.015731045037558355,0.11731537361807147
D,2,90,7,Reflectance RED,466,0.9998935762410117,1.229086776976596,37.00018510500939,0.7820971655839382,0.44054895742789235,4.671721781783555,2.515602144506385,0.014225343734721148,0.14945578481618726
D,2,90,7,Reflectance IR,466,0.9998940426450422,1.4334493375207256,35.19357693882821,0.7835348787176448,0.43983890583533536,4.6695673900594965,2.518422943128133,0.014239318347954201,0.1492651739267358
D,2,90,7,Reflectance GREEN,466,0.9997440728462024,2.2670395436865167,23.87473105708564,0.7893114418430648,0.4397325964997051,4.661771396446186,2.524492868704944,0.014222960074859972,0.14854948516876607
D,2,90,7,Transmittance RED,466,0.9960700775290441,13.697753902961477,7.840707174065799,0.6900114260697412,0.43984798275541803,4.617895882949529,2.4256661513190356,0.01625151330218018,0.15672739557916104
D,2,90,7,Transmittance IR,466,0.9999010635826994,18.317296811487488,40.102602881548364,0.7378720628153204,0.4403542975036132,4.67561108089572,2.468310000869708,0.014953287343276892,0.15226921172755278
D,2,120,5,Reflectance RED,626,0.9997234613464091,0.5053858648483697,28.11665232958942,1.1696375597013402,0.2861745798027169,4.01302122105556,2.872057838964344,0.01070439641093068,0.14350956710032484
D,2,120,5,Reflectance IR,626,0.9997042295529732,0.5748603913640202,24.131092718779744,1.1744711883680257,0.2850307343001283,4.001069442097954,2.8797538814174573,0.010613130531411049,0.1443475387716025
D,2,120,5,Reflectance GREEN,626,0.9990547601206644,0.8405251819168598,16.494119542782606,1.171123643839712,0.283902845214186,3.9771104472241334,2.8773332469630337,0.010849428549255666,0.14763639634139786
D,2,120,5,Transmittance RED,626,0.9968748733150304,7.519269199272616,8.287017681444095,1.1473077521198516,0.28529518180146674,4.0427357952804215,2.8425169464857385,0.011702075954790631,0.1529265553911146
D,2,120,5,Transmittance IR,626,0.9997693725218169,7.013007201792131,30.319398570321002,1.1669397593175017,0.28561577487587236,4.014756725475429,2.866864789912279,0.010776752302630295,0.14606261584568933
D,2,120,6,Reflectance RED,626,0.9997969362719026,0.5867443155490613,30.4429622766053,1.0676418619913894,0.324906816115639,3.9540280175301863,2.5675680906774723,0.00879315181491404,0.11783163832956878
D,2,120,6,Reflectance IR,626,0.999782419514389,0.6716502269365984,26.917483643126765,1.0716871145063984,0.3241246666436407,3.9470873933636916,2.576047988215322,0.008693768741889304,0.1191208284980434
D,2,120,6,Reflectance GREEN,626,0.9992171834926822,1.0068205635794851,18.41010723154165,1.0701747624438411,0.3237264902731033,3.962310802226362,2.5750502153498624,0.008870315327681025,0.12171497129339576
D,2,120,6,Transmittance RED,626,0.9962032981589574,8.393139840591115,8.173214380652343,1.0441116371405754,0.3240749641151429,4.064316518886337,2.532043095424968,0.00980531906264014,0.13936165726799474
D,2,120,6,Transmittance IR,626,0.9998267405724441,8.493148969457422,32.878500291196076,1.0623325039072657,0.3247951575942071,3.946105098573789,2.5557282191570216,0.008796173273612165,0.12263600063068703
D,2,120,7,Reflectance RED,626,0.9998401665374756,0.69555383391507,32.715338479911956,0.9409536739387597,0.3578152309598157,4.048596484215883,2.304782860367926,0.009369197400524928,0.10748591497013975
D,2,120,7,Reflectance IR,626,0.9998402488380458,0.7944136280923856,29.741980105113537,0.9439436545304122,0.3572052492174438,4.04417379372881,2.3091212640709067,0.009293054311097174,0.10650121687395694
D,2,120,7,Reflectance GREEN,626,0.9994750375262396,1.2516125835226335,20.35967116944827,0.940545680878951,0.3573467979725436,4.069938852562283,2.3043834603958917,0.009575686237330317,0.10778426847516302
D,2,120,7,Transmittance RED,616,0.9939548862310799,9.28978358216101,7.86115619559253,0.8995916579080355,0.35723086923421904,4.184028860253128,2.2511182818356126,0.01097619384036077,0.12999788306394705
D,2,120,7,Transmittance IR,626,0.999862804306047,10.368860159162558,35.20323402995371,0.9295952445895801,0.3582645765514133,4.076531136738864,2.2811103986025643,0.009500034853345794,0.1092311498546271
D,3,60,5,Reflectance RED,312,0.9999253253369217,1.3264991165075717,37.83001329043796,0.8326112433867872,0.2527555693945954,4.466332576778893,2.947579430156937,0.009466952179698606,0.09245860674411083
D,3,60,5,Reflectance IR,312,0.9999294762360693,1.413847271424895,32.34784776541877,0.8603100609609138,0.2520406948281223,4.472420650432303,2.9930998017853563,0.009307449908180998,0.09133471868747235
D,3,60,5,Reflectance GREEN,312,0.9997238817068201,2.223820551587691,24.29271440675032,0.8521396216397477,0.2522978190570927,4.462145962216505,2.9818077985636817,0.009438376336508961,0.092543976751643
D,3,60,5,Transmittance RED,312,0.9994644964312307,17.355389003121154,12.664603848087953,0.7304417445683786,0.25176618015653335,4.501180500824651,2.781441563695063,0.010368680272135566,0.09687106879572577
D,3,60,5,Transmittance IR,312,0.9999252470633911,18.438982988151622,44.8970109006884,0.7794508496639111,0.2512804495526739,4.3822922655443275,2.859076151381757,0.009852106266958573,0.09377240351360758
D,3,60,6,Reflectance RED,312,0.9999448488120394,1.7217172869807578,40.46787074193712,0.6215139169118181,0.29074188121302885,4.723509342494475,2.4823797532374683,0.009996311949393861,0.10693408735050089
D,3,60,6,Reflectance IR,312,0.9999450453369745,1.9103446153307015,37.06112755792085,0.6359160454202051,0.2906532073754766,4.7164956431503615,2.501958371120195,0.009905084623158832,0.10644996938091131
D,3,60,6,Reflectance GREEN,312,0.9998334959106452,3.0610590999421987,26.880639251302654,0.6362175433609489,0.29085300589619906,4.712991820332282,2.502934899328298,0.009943088840316753,0.10750449386776897
D,3,60,6,Transmittance RED,312,0.9992351351387909,18.289459540800813,10.429949444724928,0.48907495027583453,0.28845765141271557,4.75023213583768,2.3331983458447776,0.011298852558829321,0.11395180817122422
D,3,60,6,Transmittance IR,312,0.9999464465066585,24.358166186578956,46.07599545593582,0.5489423051169642,0.2890011050643472,4.750448194444298,2.396328257726519,0.010588486569434025,0.10915705047064458
D,3,60,7,Reflectance RED,310,0.999960036131997,2.035349177291373,42.43906627514258,0.3192043006908315,0.3192499671609256,4.891006697567697,1.9183829735973403,0.011392071899350181,0.10822040039006758
D,3,60,7,Reflectance IR,310,0.9999612913386788,2.2663346970984275,42.35339586584377,0.32679915367033663,0.31876857141142706,4.8886012643892,1.9234687521895881,0.011343386888358828,0.10811826029909005
D,3,60,7,Reflectance GREEN,310,0.9999010996689164,3.8773404301210914,28.953154510317116,0.33395365099008867,0.3193812185936439,4.88647518741187,1.9294671552400922,0.011315862946726582,0.10919929196499197
D,3,60,7,Transmittance RED,310,0.9983114485111851,14.664443413438828,6.631233053673858,0.18540478033669577,0.31285832006456016,4.843108857037288,1.8763273803193226,0.013360162161676395,0.12031489612524238
D,3,60,7,Transmittance IR,310,0.9999626669424588,28.681344941150947,44.61774586732179,0.24054408617982032,0.3147030259305904,4.902051955180898,1.8892769896388684,0.012325442426071836,0.10946020852908281
D,3,90,5,Reflectance RED,467,0.9998375712110367,0.8201990184195244,32.808988244296465,1.0070644551399373,0.27211570893867754,4.368031963623487,3.152977244416094,0.013438873127436066,0.1654708664420989
D,3,90,5,Reflectance IR,467,0.9998568142337049,0.855767817488306,25.91570225140743,1.027454040058063,0.2701883523939196,4.321316167481974,3.179283797359654,0.01319929236678349,0.16618034061456935
D,3,90,5,Reflectance GREEN,467,0.9994115640852701,1.3381128253444012,20.29468588146445,1.0195678333152192,0.2714112197176067,4.348034908883491,3.1664049671209176,0.013460226365598352,0.16585584663433703
D,3,90,5,Transmittance RED,467,0.9992757530048612,11.759697099444661,10.605137994407219,0.9536156763647613,0.2719618327199503,4.355977644199078,3.0768568165545043,0.014327110298236701,0.1699841830341139
D,3,90,5,Transmittance IR,467,0.9998659412220797,11.090832653399412,37.42654870305165,0.9839013963922701,0.27080394338397623,4.38640178891038,3.11983889539409,0.013734185117418545,0.16868363418182886
D,3,90,6,Reflectance RED,467,0.9998908127233569,1.125928596398199,36.11920498658584,0.8605020175532405,0.361498337824479,4.34624139359447,2.812451956578467,0.015056658162991779,0.11894442409263882
D,3,90,6,Reflectance IR,467,0.999887482536246,1.2131816392287105,30.641323840833188,0.8808322933148758,0.3591531043415857,4.33198424990501,2.8352413609541505,0.014833412579556846,0.11735327932160716
D,3,90,6,Reflectance GREEN,467,0.9997233627661916,1.9168392069710318,23.33931531419355,0.8704872575742778,0.3601692212177462,4.365875249287086,2.823824031568481,0.015004006223258076,0.11921570065787922
D,3,90,6,Transmittance RED,467,0.9993820727282848,14.73049610344598,10.607159765199295,0.7848924611590409,0.3603821720955135,4.426416951942926,2.7375158580403194,0.016385062149746405,0.12330137839483024
D,3,90,6,Transmittance IR,467,0.999897676073032,15.75651019479983,40.44704850643653,0.8240404077947138,0.35937907869509966,4.438223705090598,2.7730388451388213,0.015622204114634912,0.1206463160663986
D,3,90,7,Reflectance RED,466,0.9998944262249647,1.2556658797840168,37.03521466005787,0.7634198634412065,0.43750271846978245,4.665142691328153,2.5101492315412868,0.014672413031505838,0.1501941526015679
D,3,90,7,Reflectance IR,466,0.9999032487926346,1.397243015634031,33.70192642485972,0.7739176941622069,0.43599224429522293,4.658161835228894,2.5245884700889327,0.014573021671186783,0.14939784276980347
D,3,90,7,Reflectance GREEN,466,0.9997633191762862,2.2307122202855085,24.58858711492848,0.7723024481089122,0.4368151108984312,4.657685850794183,2.5243368857966155,0.014618861637287612,0.15026955010689552
D,3,90,7,Transmittance RED,466,0.998857273173245,14.159535912010146,8.497485654285253,0.6865405247936691,0.43821388607482914,4.662411951880623,2.4355494038837016,0.016172672145624893,0.15684259054726402
D,3,90,7,Transmittance IR,466,0.9998925761128691,18.039944703595644,40.0877596804639,0.7272110215057457,0.43654401597560943,4.669247657990544,2.4738169331475612,0.015310019296525871,0.15375849511874207
D,3,120,5,Reflectance RED,625,0.9997550282207497,0.5404950293589431,28.03351504206845,1.1651432747365302,0.28873249669535933,3.9437581123486933,2.8775200768287013,0.011334869499455382,0.11272425385180423
D,3,120,5,Reflectance IR,625,0.9997660618064513,0.5538697737347679,22.488209427913265,1.1714682859873533,0.28753811330679835,3.9439304795544925,2.888032028614428,0.011166476899776625,0.12024912815157693
D,3,120,5,Reflectance GREEN,625,0.9992340560416709,0.8710099313063759,17.57670365305463,1.167892804891139,0.28672500848437105,3.9456172202283475,2.8803911956273134,0.011495416590289147,0.1255429275664433
D,3,120,5,Transmittance RED,625,0.9992174411916156,7.823324957647208,9.414768913883107,1.1539150911468405,0.2882539317403493,3.9603711480723196,2.8586650465196626,0.011728490961882549,0.12158470210439348
D,3,120,5,Transmittance IR,625,0.9997755491643051,7.021685086125494,30.0891804864968,1.1629041701226892,0.28823138602314186,3.9399870973395603,2.872956677280856,0.011324907220098162,0.11548015604040646
D,3,120,6,Reflectance RED,627,0.9998065853722578,0.6196592977452702,30.526163896851553,1.073097754489692,0.3253035436609501,3.959572063560316,2.584498975252455,0.009053608057109388,0.10744341580683564
D,3,120,6,Reflectance IR,627,0.9998378202088186,0.6498832997216845,25.389435904237526,1.0789964251346071,0.32434476388159056,3.9547567254754292,2.5952219112430397,0.008907619204421095,0.10957815160202973
D,3,120,6,Reflectance GREEN,627,0.999440936001392,1.0234133189672523,19.520935193512905,1.0731963402724878,0.3242934717631419,3.976906376845439,2.5852904418723006,0.00917252995347933,0.10945384924882613
D,3,120,6,Transmittance RED,627,0.9991132472242299,8.744459588040577,9.328801218123655,1.0550174076929069,0.3254771728024574,4.026146421923969,2.5500175466549617,0.009510492383277943,0.11586180547848964
D,3,120,6,Transmittance IR,627,0.9998282541748079,8.493978482245653,32.67085958893121,1.0678346468837592,0.32497243307340007,3.9735788384429793,2.5717511516515628,0.009069719281312215,0.11168279887424408
D,3,120,7,Reflectance RED,626,0.9998671974868374,0.7376437863934935,32.76336025700878,0.9354627333944454,0.35788721096931486,4.107292483458172,2.3021439588138284,0.009693916924554638,0.11150623370285176
D,3,120,7,Reflectance IR,626,0.9998568671271888,0.8050687920589477,28.52200812678948,0.9407783266510488,0.3572349247175901,4.092467609687498,2.309369580176333,0.009594461620517965,0.11002075520142014
D,3,120,7,Reflectance GREEN,626,0.9995844252060757,1.2697045122963302,21.54897581030672,0.9364805049925602,0.3577307069521641,4.092222013337846,2.3046300318874273,0.009796704746380678,0.11185072719732556
D,3,120,7,Transmittance RED,626,0.9990036415826093,9.59974698071031,8.779758687723696,0.9156476445921626,0.35807833135818234,4.112967209001786,2.265594898358943,0.01022260995255327,0.11554881827776506
D,3,120,7,Transmittance IR,626,0.9998636450405779,10.348072798707214,35.15114120308387,0.9288576333822733,0.3578441064175651,4.095216903387543,2.2853581003838617,0.00970440649487464,0.11188394631262914
